Dicofre,services,lines
"110501",53.3958370589683,"CarrisMetropolitana 1623, CarrisMetropolitana 1624, CarrisMetropolitana 1625, CarrisMetropolitana 1628, CarrisMetropolitana 1629, CarrisMetropolitana 1630, CarrisMetropolitana 1631, MobiCascais 38, MobiCascais 31, MobiCascais 13, MobiCascais 19, MobiCascais 20, MobiCascais 29, MobiCascais 6, MobiCascais 3, MobiCascais 11, MobiCascais 7, MobiCascais 28, MobiCascais 14, MobiCascais 12, MobiCascais 17, MobiCascais 8, MobiCascais 2, MobiCascais 1, MobiCascais 22"
"110506",48.0182737680081,"CarrisMetropolitana 1604, CarrisMetropolitana 1608, CarrisMetropolitana 1613, CarrisMetropolitana 1614, CarrisMetropolitana 1615, CarrisMetropolitana 1622, CarrisMetropolitana 1638, CarrisMetropolitana 1610, CarrisMetropolitana 1617, MobiCascais 31, MobiCascais 16, MobiCascais 23, MobiCascais 35, MobiCascais 36, MobiCascais 30, MobiCascais 21, MobiCascais 26, MobiCascais 25, MobiCascais 22, MobiCascais 33, MobiCascais 32"
"110507",55.8769142625103,"CarrisMetropolitana 1604, CarrisMetropolitana 1608, CarrisMetropolitana 1612, CarrisMetropolitana 1613, CarrisMetropolitana 1614, CarrisMetropolitana 1615, CarrisMetropolitana 1622, CarrisMetropolitana 1638, CarrisMetropolitana 1606, CarrisMetropolitana 1601, CarrisMetropolitana CP, CP Linha de Cascais, MobiCascais 31, MobiCascais 16, MobiCascais 23, MobiCascais 35, MobiCascais 36, MobiCascais 30, MobiCascais 21, MobiCascais 26, MobiCascais 25, MobiCascais 1, MobiCascais 22, MobiCascais 33, MobiCascais 32"
"110508",71.2733471750415,"CarrisMetropolitana 1623, CarrisMetropolitana 1624, CarrisMetropolitana 1625, CarrisMetropolitana 1628, CarrisMetropolitana 1629, CarrisMetropolitana 1630, CarrisMetropolitana 1631, CarrisMetropolitana CP, CP Linha de Cascais, MobiCascais 38, MobiCascais 31, MobiCascais 23, MobiCascais 13, MobiCascais 19, MobiCascais 20, MobiCascais 29, MobiCascais 6, MobiCascais 3, MobiCascais 11, MobiCascais 7, MobiCascais 28, MobiCascais 14, MobiCascais 12, MobiCascais 9, MobiCascais 17, MobiCascais 8, MobiCascais 2, MobiCascais 1, MobiCascais 5, MobiCascais 22, MobiCascais 27, MobiCascais 32, MobiCascais 4"
"110601",51.4885932494271,"Carris 714, Carris 727, Carris 729, Carris 732, Carris 742, Carris 723, Carris 748, Carris 760, Carris 76B, Carris 73B, Carris 79B, Carris 18E, CarrisMetropolitana 1714, CarrisMetropolitana 1715, CarrisMetropolitana 1724, CarrisMetropolitana 1726, CarrisMetropolitana 1716, CarrisMetropolitana 1718, CarrisMetropolitana 1704"
"110602",122.985154752461,"Carris 711, Carris 714, Carris 727, Carris 729, Carris 732, Carris 751, Carris 742, Carris 738, Carris 723, Carris 720, Carris 753, Carris 748, Carris 760, Carris 724, Carris 728, Carris 76B, Carris 73B, Carris 67B, Carris 15E, Carris 18E, CarrisMetropolitana 1724, CarrisMetropolitana 1726, CarrisMetropolitana 3703, CarrisMetropolitana 3705, CarrisMetropolitana 3710, CarrisMetropolitana 3715, CarrisMetropolitana 3716, CarrisMetropolitana 3717, CarrisMetropolitana 3721, CarrisMetropolitana 1716, CarrisMetropolitana 1704, CarrisMetropolitana 4725, CarrisMetropolitana 4730, CP Linha de Cascais, Fertagus"
"110607",60.9695931345879,"Carris 718, Carris 742, Carris 794, Carris 720, Carris 759, Carris 793, Carris 730, Carris 728, CP Linha da Azambuja, MetroLisboa Vm"
"110608",117.806780229351,"Carris 711, Carris 714, Carris 729, Carris 750, Carris 746, Carris 767, Carris 723, Carris 758, Carris 716, Carris 703, Carris 764, Carris 748, Carris 724, Carris 778, Carris 770, Carris 754, Carris 71B, Carris 72B, CarrisMetropolitana 1001, CarrisMetropolitana 1713, CarrisMetropolitana 1714, CarrisMetropolitana 1719, CarrisMetropolitana 1715, CarrisMetropolitana 1724, CarrisMetropolitana 1726, CarrisMetropolitana 1728, CarrisMetropolitana 1507, CarrisMetropolitana 1716, CarrisMetropolitana 1717, CarrisMetropolitana 1718, CarrisMetropolitana 1721, CarrisMetropolitana 1704, CarrisMetropolitana 1706, CarrisMetropolitana 1707, CarrisMetropolitana 1709, CP Linha de Sintra"
"110610",126.59842115624,"Carris 711, Carris 746, Carris 751, Carris 768, Carris 742, Carris 726, Carris 755, Carris 723, Carris 701, Carris 702, Carris 758, Carris 716, Carris 753, Carris 748, Carris 731, Carris 770, Carris 754, Carris 24E, Carris 58B, Carris 64B, Carris 61B, Carris 52B, CarrisMetropolitana 1724, CarrisMetropolitana 1726, CarrisMetropolitana 1728, CarrisMetropolitana 3703, CarrisMetropolitana 3705, CarrisMetropolitana 3710, CarrisMetropolitana 3715, CarrisMetropolitana 3716, CarrisMetropolitana 3717, CarrisMetropolitana 3721, CarrisMetropolitana 1716, CarrisMetropolitana 1704, CarrisMetropolitana 4725, CarrisMetropolitana 4730, CP Linha de Sintra, Fertagus, MetroLisboa Az"
"110611",94.2409431904886,"Carris 729, Carris 750, Carris 768, Carris 767, Carris 726, Carris 703, Carris 747, Carris 724, Carris 778, Carris 55B, Carris 72B, CarrisMetropolitana 1719, CarrisMetropolitana 2701, CarrisMetropolitana 2780, CarrisMetropolitana 2821, CarrisMetropolitana 2822, CarrisMetropolitana 2823, CarrisMetropolitana 2833, CarrisMetropolitana 1703, CarrisMetropolitana 1706, CarrisMetropolitana 1709, CarrisMetropolitana 1710, CarrisMetropolitana 1711, MetroLisboa Az"
"110618",139.242213471111,"Carris 750, Carris 768, Carris 767, Carris 701, Carris 703, Carris 717, Carris 796, Carris 747, Carris 778, Carris 736, Carris 40B, Carris 41B, Carris 45B, CarrisMetropolitana 2703, CarrisMetropolitana 2706, CarrisMetropolitana 2710, CarrisMetropolitana 2713, CarrisMetropolitana 2736, CarrisMetropolitana 2740, CarrisMetropolitana 2741, CarrisMetropolitana 2750, CarrisMetropolitana 2751, CarrisMetropolitana 2753, CarrisMetropolitana 2754, CarrisMetropolitana 2761, CarrisMetropolitana 2764, CarrisMetropolitana 2769, CarrisMetropolitana 2772, CarrisMetropolitana 2774, CarrisMetropolitana 2776, CarrisMetropolitana 2782, CarrisMetropolitana 2796, CarrisMetropolitana 2801, CarrisMetropolitana 2812, MetroLisboa Am, MetroLisboa Vd"
"110621",58.5135385037172,"Carris 708, Carris 718, Carris 750, Carris 794, Carris 755, Carris 759, Carris 793, Carris 731, Carris 728, CP Linha da Azambuja, CP Linha de Sintra, MetroLisboa Vm"
"110633",106.836714314403,"Carris 708, Carris 750, Carris 794, Carris 759, Carris 731, Carris 722, Carris 725, Carris 744, Carris 783, Carris 728, Carris 29B, CarrisMetropolitana 2708, CarrisMetropolitana 2711, CarrisMetropolitana 2713, CarrisMetropolitana 2722, CarrisMetropolitana 2725, CarrisMetropolitana 2728, CarrisMetropolitana 2729, CarrisMetropolitana 2730, CarrisMetropolitana 2733, CarrisMetropolitana 2734, CarrisMetropolitana 2736, CarrisMetropolitana 2790, CarrisMetropolitana 2794, CarrisMetropolitana 4701, CarrisMetropolitana 4702, CarrisMetropolitana 4704, CarrisMetropolitana 4705, CarrisMetropolitana 4710, CarrisMetropolitana 4720, MetroLisboa Vm"
"110639",94.4773508088993,"Carris 750, Carris 746, Carris 768, Carris 726, Carris 738, Carris 755, Carris 701, Carris 758, Carris 716, Carris 764, Carris 731, Carris 770, Carris 754, Carris 58B, Carris 61B, Carris 52B, CarrisMetropolitana 3705, CarrisMetropolitana 3716, CarrisMetropolitana 3717, CarrisMetropolitana 3721, CarrisMetropolitana 4725, CarrisMetropolitana 4730, CP Linha de Sintra, Fertagus, MetroLisboa Az"
"110654",132.895475533916,"Carris 708, Carris 727, Carris 750, Carris 768, Carris 767, Carris 738, Carris 755, Carris 701, Carris 717, Carris 735, Carris 796, Carris 747, Carris 731, Carris 722, Carris 736, Carris 744, Carris 783, Carris 46B, Carris 45B, CarrisMetropolitana 2713, CarrisMetropolitana 2722, CarrisMetropolitana 2736, CarrisMetropolitana 2790, CP Linha de Sintra, Fertagus, MetroLisboa Am, MetroLisboa Vd"
"110655",106.312260775453,"Carris 708, Carris 718, Carris 767, Carris 742, Carris 726, Carris 720, Carris 793, Carris 797, Carris 716, Carris 717, Carris 735, Carris 722, Carris 730, Carris 37B, Carris 17B, CarrisMetropolitana 2722, CarrisMetropolitana 2790, CarrisMetropolitana 3703, CarrisMetropolitana 3710, CP Linha de Sintra, MetroLisboa Vm, MetroLisboa Vd"
"110656",165.629745470997,"Carris 708, Carris 727, Carris 718, Carris 767, Carris 742, Carris 726, Carris 738, Carris 723, Carris 720, Carris 706, Carris 797, Carris 716, Carris 753, Carris 717, Carris 760, Carris 735, Carris 712, Carris 774, Carris 722, Carris 730, Carris 736, Carris 744, Carris 783, Carris 37B, Carris 13B, Carris 19B, Carris 17B, Carris 28E, Carris 12E, MetroLisboa Vm, MetroLisboa Am, MetroLisboa Vd"
"110657",176.384469055769,"Carris 711, Carris 727, Carris 732, Carris 746, Carris 742, Carris 726, Carris 738, Carris 723, Carris 701, Carris 720, Carris 702, Carris 709, Carris 716, Carris 753, Carris 748, Carris 712, Carris 731, Carris 722, Carris 736, Carris 744, Carris 783, Carris 46B, Carris 52B, CarrisMetropolitana 1724, CarrisMetropolitana 1726, CarrisMetropolitana 1728, CarrisMetropolitana 3703, CarrisMetropolitana 3705, CarrisMetropolitana 3710, CarrisMetropolitana 3715, CarrisMetropolitana 3716, CarrisMetropolitana 3717, CarrisMetropolitana 3721, CarrisMetropolitana 1716, CarrisMetropolitana 1704, CarrisMetropolitana 4725, CarrisMetropolitana 4730, CP Linha de Sintra, Fertagus, MetroLisboa Az, MetroLisboa Vm, MetroLisboa Am"
"110658",87.104999795062,"Carris 714, Carris 727, Carris 729, Carris 750, Carris 732, Carris 751, Carris 723, Carris 748, Carris 760, Carris 728, Carris 76B, Carris 73B, Carris 79B, Carris 15E, CarrisMetropolitana 1714, CarrisMetropolitana 1521, CarrisMetropolitana 1715, CarrisMetropolitana 1731, CarrisMetropolitana 1722, CarrisMetropolitana 1724, CarrisMetropolitana 1726, CarrisMetropolitana 1716, CarrisMetropolitana 1718, CarrisMetropolitana 1704, CarrisMetropolitana 1713, CP Linha de Cascais, TTSL"
"110659",101.482905373795,"Carris 711, Carris 727, Carris 751, Carris 742, Carris 738, Carris 723, Carris 701, Carris 773, Carris 720, Carris 706, Carris 709, Carris 758, Carris 753, Carris 748, Carris 774, Carris 24E, Carris 64B, Carris 19B, Carris 65B, Carris 67B, Carris 28E, CarrisMetropolitana 1724, CarrisMetropolitana 1726, CarrisMetropolitana 3703, CarrisMetropolitana 3705, CarrisMetropolitana 3710, CarrisMetropolitana 3715, CarrisMetropolitana 3716, CarrisMetropolitana 3717, CarrisMetropolitana 3721, CarrisMetropolitana 1716, CarrisMetropolitana 1704, CarrisMetropolitana 4725, CarrisMetropolitana 4730, Fertagus"
"110660",114.654423456663,"Carris 714, Carris 727, Carris 732, Carris 751, Carris 742, Carris 738, Carris 701, Carris 773, Carris 720, Carris 706, Carris 709, Carris 760, Carris 774, Carris 728, Carris 73B, Carris 22B, Carris 19B, Carris 65B, Carris 67B, Carris 28E, Carris 15E, Carris 18E, CarrisMetropolitana 3703, CarrisMetropolitana 3705, CarrisMetropolitana 3710, CarrisMetropolitana 3716, CarrisMetropolitana 3717, CarrisMetropolitana 3721, CarrisMetropolitana 4725, CarrisMetropolitana 4730, CP Linha de Cascais"
"110661",145.182049807066,"Carris 714, Carris 727, Carris 732, Carris 773, Carris 706, Carris 758, Carris 51E, Carris 53E, Carris 760, Carris 735, Carris 774, Carris 736, Carris 728, Carris 24E, Carris 22B, Carris 19B, Carris 67B, Carris 28E, Carris 15E, Carris 12E, Carris 18E, CP Linha de Sintra, CP Linha de Cascais, MetroLisboa Vd, TTSL"
"110662",104.521772965041,"Carris 708, Carris 750, Carris 794, Carris 759, Carris 731, Carris 725, Carris 744, Carris 728, Carris 26B, CarrisMetropolitana 2708, CarrisMetropolitana 2711, CarrisMetropolitana 2725, CarrisMetropolitana 2727, CarrisMetropolitana 2728, CarrisMetropolitana 2729, CarrisMetropolitana 2730, CarrisMetropolitana 2733, CarrisMetropolitana 2734, CarrisMetropolitana 2794, CarrisMetropolitana 4701, CarrisMetropolitana 4702, CarrisMetropolitana 4704, CarrisMetropolitana 4705, CarrisMetropolitana 4710, CarrisMetropolitana 4720, CP Linha da Azambuja, CP Linha de Sintra, MetroLisboa Vm"
"110663",81.561945455788,"Carris 718, Carris 742, Carris 794, Carris 726, Carris 720, Carris 759, Carris 793, Carris 706, Carris 797, Carris 735, Carris 712, Carris 730, Carris 728, Carris 37B, Carris 13B, Carris 28E, Carris 12E, CP Linha da Azambuja"
"110664",93.7395499244818,"Carris 703, Carris 717, Carris 796, Carris 736, Carris 40B, Carris 41B, Carris 45B, CarrisMetropolitana 2703, CarrisMetropolitana 2706, CarrisMetropolitana 2710, CarrisMetropolitana 2711, CarrisMetropolitana 2713, CarrisMetropolitana 2736, CarrisMetropolitana 2740, CarrisMetropolitana 2741, CarrisMetropolitana 2750, CarrisMetropolitana 2751, CarrisMetropolitana 2753, CarrisMetropolitana 2754, CarrisMetropolitana 2761, CarrisMetropolitana 2764, CarrisMetropolitana 2769, CarrisMetropolitana 2772, CarrisMetropolitana 2774, CarrisMetropolitana 2776, CarrisMetropolitana 2782, CarrisMetropolitana 2796, CarrisMetropolitana 2801, CarrisMetropolitana 2812, MetroLisboa Am"
"110665",155.279152586948,"Carris 708, Carris 711, Carris 732, Carris 794, Carris 759, Carris 706, Carris 709, Carris 758, Carris 51E, Carris 760, Carris 735, Carris 737, Carris 712, Carris 774, Carris 722, Carris 736, Carris 744, Carris 728, Carris 24E, Carris 10B, Carris 13B, Carris 17B, Carris 28E, Carris 15E, Carris 12E, Carris 18E, MetroLisboa Az, MetroLisboa Vd, TTSL"
"110666",155.497505527344,"Carris 711, Carris 727, Carris 732, Carris 746, Carris 738, Carris 723, Carris 773, Carris 720, Carris 759, Carris 702, Carris 706, Carris 709, Carris 758, Carris 51E, Carris 753, Carris 748, Carris 712, Carris 774, Carris 722, Carris 730, Carris 736, Carris 744, Carris 783, Carris 24E, Carris 22B, Carris 19B, Carris 65B, CarrisMetropolitana 1724, CarrisMetropolitana 1726, CarrisMetropolitana 3715, CarrisMetropolitana 1716, CarrisMetropolitana 1704, CP Linha de Sintra, MetroLisboa Az, MetroLisboa Am"
"110667",80.9929254776493,"Carris 794, Carris 726, Carris 759, Carris 706, Carris 797, Carris 735, Carris 712, Carris 730, Carris 728, Carris 10B, Carris 13B, Carris 28E, Carris 12E, CP Linha da Azambuja, MetroLisboa Az"
"110702",10.3197082586125,"CarrisMetropolitana 2706, CarrisMetropolitana 2750, CarrisMetropolitana 2761, CarrisMetropolitana 2764, CarrisMetropolitana 2782"
"110705",6.06445752842676,"CarrisMetropolitana 2750, CarrisMetropolitana 2761, CarrisMetropolitana 2782"
"110707",49.1825506068336,"CarrisMetropolitana 2021, CarrisMetropolitana 2028, CarrisMetropolitana 2037, CarrisMetropolitana 2505, CarrisMetropolitana 2513, CarrisMetropolitana 2517, CarrisMetropolitana 2523, CarrisMetropolitana 2532, CarrisMetropolitana 2605, CarrisMetropolitana 2621, CarrisMetropolitana 2706, CarrisMetropolitana 2725, CarrisMetropolitana 2727, CarrisMetropolitana 2733, CarrisMetropolitana 2740, CarrisMetropolitana 2741, CarrisMetropolitana 2750, CarrisMetropolitana 2751, CarrisMetropolitana 2753, CarrisMetropolitana 2754, CarrisMetropolitana 2761, CarrisMetropolitana 2764, CarrisMetropolitana 2776, CarrisMetropolitana 2780, CarrisMetropolitana 2782, CarrisMetropolitana 2796, CarrisMetropolitana 2801"
"110708",15.0669582230642,"CarrisMetropolitana 2505, CarrisMetropolitana 2740, CarrisMetropolitana 2741, CarrisMetropolitana 2750, CarrisMetropolitana 2751, CarrisMetropolitana 2753, CarrisMetropolitana 2754, CarrisMetropolitana 2761, CarrisMetropolitana 2801"
"110726",84.7952864973456,"Carris 759, Carris 731, Carris 722, Carris 725, Carris 744, Carris 728, CarrisMetropolitana 2708, CarrisMetropolitana 2711, CarrisMetropolitana 2713, CarrisMetropolitana 2722, CarrisMetropolitana 2725, CarrisMetropolitana 2728, CarrisMetropolitana 2729, CarrisMetropolitana 2730, CarrisMetropolitana 2733, CarrisMetropolitana 2734, CarrisMetropolitana 2736, CarrisMetropolitana 2794, CarrisMetropolitana 4701, CarrisMetropolitana 4702, CarrisMetropolitana 4704, CarrisMetropolitana 4705, CarrisMetropolitana 4710, CarrisMetropolitana 4720, CP Linha da Azambuja, MetroLisboa Vm"
"110727",65.8699700607253,"Carris 708, Carris 725, Carris 783, CarrisMetropolitana 2708, CarrisMetropolitana 2711, CarrisMetropolitana 2713, CarrisMetropolitana 2722, CarrisMetropolitana 2725, CarrisMetropolitana 2727, CarrisMetropolitana 2728, CarrisMetropolitana 2729, CarrisMetropolitana 2730, CarrisMetropolitana 2733, CarrisMetropolitana 2734, CarrisMetropolitana 2736, CarrisMetropolitana 2790, CarrisMetropolitana 2794, CarrisMetropolitana 4701, CarrisMetropolitana 4702, CarrisMetropolitana 4704, CarrisMetropolitana 4705, CarrisMetropolitana 4710, CarrisMetropolitana 4720, CP Linha da Azambuja"
"110728",18.003889969436,"CarrisMetropolitana 2722, CarrisMetropolitana 2728, CarrisMetropolitana 2729, CarrisMetropolitana 2730, CarrisMetropolitana 2790, CarrisMetropolitana 2794, CP Linha da Azambuja"
"110729",23.3412676068195,"CarrisMetropolitana 2021, CarrisMetropolitana 2037, CarrisMetropolitana 2532, CarrisMetropolitana 2533, CarrisMetropolitana 2538, CarrisMetropolitana 2706, CarrisMetropolitana 2740, CarrisMetropolitana 2741, CarrisMetropolitana 2750, CarrisMetropolitana 2761, CarrisMetropolitana 2764, CarrisMetropolitana 2782, CarrisMetropolitana 2796, CarrisMetropolitana 2801"
"110730",56.0320307255519,"CarrisMetropolitana 2028, CarrisMetropolitana 2513, CarrisMetropolitana 2516, CarrisMetropolitana 2517, CarrisMetropolitana 2518, CarrisMetropolitana 2605, CarrisMetropolitana 2703, CarrisMetropolitana 2706, CarrisMetropolitana 2725, CarrisMetropolitana 2727, CarrisMetropolitana 2733, CarrisMetropolitana 2740, CarrisMetropolitana 2741, CarrisMetropolitana 2750, CarrisMetropolitana 2751, CarrisMetropolitana 2753, CarrisMetropolitana 2754, CarrisMetropolitana 2761, CarrisMetropolitana 2764, CarrisMetropolitana 2769, CarrisMetropolitana 2772, CarrisMetropolitana 2774, CarrisMetropolitana 2776, CarrisMetropolitana 2780, CarrisMetropolitana 2782, CarrisMetropolitana 2796, CarrisMetropolitana 2801"
"110731",32.2768870482327,"Carris 717, Carris 40B, CarrisMetropolitana 2703, CarrisMetropolitana 2708, CarrisMetropolitana 2710, CarrisMetropolitana 2711, CarrisMetropolitana 2713, CarrisMetropolitana 2725, CarrisMetropolitana 2727, CarrisMetropolitana 2733, CarrisMetropolitana 2736"
"110902",3.00083356487913,"CarrisMetropolitana 2801, CarrisMetropolitana 1633"
"110906",9.0025006946374,"CarrisMetropolitana 2740, CarrisMetropolitana 2741, CarrisMetropolitana 2751, CarrisMetropolitana 2801, CarrisMetropolitana 1633"
"110909",9.0025006946374,"CarrisMetropolitana 2626, CarrisMetropolitana 2740, CarrisMetropolitana 2741, CarrisMetropolitana 2751, CarrisMetropolitana 2801"
"110911",6.06445752842676,"CarrisMetropolitana 2750, CarrisMetropolitana 2753, CarrisMetropolitana 2754, CarrisMetropolitana 2761"
"110920",11.0030564045568,"CarrisMetropolitana 2626, CarrisMetropolitana 2740, CarrisMetropolitana 2741, CarrisMetropolitana 2751, CarrisMetropolitana 2801, CarrisMetropolitana 1633"
"110921",9.0025006946374,"CarrisMetropolitana 2505, CarrisMetropolitana 2740, CarrisMetropolitana 2741, CarrisMetropolitana 2751, CarrisMetropolitana 2801"
"110922",9.0025006946374,"CarrisMetropolitana 2505, CarrisMetropolitana 2740, CarrisMetropolitana 2741, CarrisMetropolitana 2751, CarrisMetropolitana 2801"
"111002",27.9399107176665,"CarrisMetropolitana 1215, CarrisMetropolitana 1216, CarrisMetropolitana 1220, CarrisMetropolitana 1520, CarrisMetropolitana 1521, CarrisMetropolitana 1523, CarrisMetropolitana 1731, CarrisMetropolitana 1612, CarrisMetropolitana 1105, CarrisMetropolitana 1107, CarrisMetropolitana 1119, CarrisMetropolitana 1529, CarrisMetropolitana 1617, CarrisMetropolitana 1525, CarrisMetropolitana 1527, CarrisMetropolitana 1601, CarrisMetropolitana 1717"
"111009",19.4381386737586,"CarrisMetropolitana 1220, CarrisMetropolitana 1520, CarrisMetropolitana 1521, CarrisMetropolitana 1523, CarrisMetropolitana 1731, CarrisMetropolitana 1608, CarrisMetropolitana 1612, CarrisMetropolitana 1119, CarrisMetropolitana 1529, CarrisMetropolitana 1610, CarrisMetropolitana 1617, CarrisMetropolitana 1601"
"111012",69.5310848851212,"Carris 729, Carris 750, Carris 751, Carris 723, Carris 748, Carris 776, Carris 79B, Carris 15E, CarrisMetropolitana 1713, CarrisMetropolitana 1520, CarrisMetropolitana 1521, CarrisMetropolitana 1715, CarrisMetropolitana 1731, CarrisMetropolitana 1101, CarrisMetropolitana 1103, CarrisMetropolitana 1105, CarrisMetropolitana 1106, CarrisMetropolitana 1107, CarrisMetropolitana 1504, CarrisMetropolitana 1606, CarrisMetropolitana 1722, CarrisMetropolitana 1724, CarrisMetropolitana 1728, CarrisMetropolitana 1502, CarrisMetropolitana 1507, CarrisMetropolitana 1527, CP Linha de Cascais"
"111013",57.0205071330988,"Carris 714, Carris 750, Carris 748, CarrisMetropolitana 1713, CarrisMetropolitana 1714, CarrisMetropolitana 1520, CarrisMetropolitana 1521, CarrisMetropolitana 1715, CarrisMetropolitana 1731, CarrisMetropolitana 1101, CarrisMetropolitana 1103, CarrisMetropolitana 1105, CarrisMetropolitana 1106, CarrisMetropolitana 1107, CarrisMetropolitana 1504, CarrisMetropolitana 1606, CarrisMetropolitana 1002, CarrisMetropolitana 1722, CarrisMetropolitana 1724, CarrisMetropolitana 1726, CarrisMetropolitana 1501, CarrisMetropolitana 1728, CarrisMetropolitana 1502, CarrisMetropolitana 1506, CarrisMetropolitana 1507, CarrisMetropolitana 1527, CarrisMetropolitana 1716, CarrisMetropolitana 1704"
"111014",50.3619788714841,"CarrisMetropolitana 1523, CarrisMetropolitana 1604, CarrisMetropolitana 1608, CarrisMetropolitana 1612, CarrisMetropolitana 1613, CarrisMetropolitana 1614, CarrisMetropolitana 1615, CarrisMetropolitana 1638, CarrisMetropolitana 1106, CarrisMetropolitana 1119, CarrisMetropolitana 1120, CarrisMetropolitana 1124, CarrisMetropolitana 1529, CarrisMetropolitana 1606, CarrisMetropolitana 1610, CarrisMetropolitana 1617, CarrisMetropolitana 1507, CarrisMetropolitana 1525, CarrisMetropolitana 1527, CarrisMetropolitana 1601, CarrisMetropolitana CP, CP Linha de Cascais, MobiCascais 36, MobiCascais 23, MobiCascais 33"
"111102",28.4105199764054,"CarrisMetropolitana 1204, CarrisMetropolitana 1236, CarrisMetropolitana 1614, CarrisMetropolitana 1615, CarrisMetropolitana 1205, CarrisMetropolitana 1223, CarrisMetropolitana 1234, CarrisMetropolitana 1251, CarrisMetropolitana 1625, CarrisMetropolitana 1628, CarrisMetropolitana 1631, CarrisMetropolitana 1255, CarrisMetropolitana 1512, CP Linha de Sintra"
"111105",11.6374276888238,"CarrisMetropolitana 1247, CarrisMetropolitana 1248, CarrisMetropolitana 1250, CarrisMetropolitana 1253, CarrisMetropolitana 1254, CarrisMetropolitana 1624"
"111108",44.0028588255428,"CarrisMetropolitana 1204, CarrisMetropolitana 1220, CarrisMetropolitana 1236, CarrisMetropolitana 1520, CarrisMetropolitana 1523, CarrisMetropolitana 1731, CarrisMetropolitana 1209, CarrisMetropolitana 1612, CarrisMetropolitana 1613, CarrisMetropolitana 1614, CarrisMetropolitana 1615, CarrisMetropolitana 1622, CarrisMetropolitana 1529, CarrisMetropolitana 1617, CarrisMetropolitana 1205, CarrisMetropolitana 1223, CarrisMetropolitana 1234, CarrisMetropolitana 1251, CarrisMetropolitana 1625, CarrisMetropolitana 1628, CarrisMetropolitana 1631, CP Linha de Sintra"
"111115",27.0929095524668,"CarrisMetropolitana 1719, CarrisMetropolitana 2605, CarrisMetropolitana 2833, CarrisMetropolitana 1509, CarrisMetropolitana 1515, CarrisMetropolitana 1517, CarrisMetropolitana 1508, CarrisMetropolitana 1603, CarrisMetropolitana 1709, CarrisMetropolitana 1710, CarrisMetropolitana 1711"
"111122",54.307736175303,"CarrisMetropolitana 1211, CarrisMetropolitana 1215, CarrisMetropolitana 1218, CarrisMetropolitana 1219, CarrisMetropolitana 1220, CarrisMetropolitana 1221, CarrisMetropolitana 1222, CarrisMetropolitana 1236, CarrisMetropolitana 1520, CarrisMetropolitana 1521, CarrisMetropolitana 1523, CarrisMetropolitana 1715, CarrisMetropolitana 1731, CarrisMetropolitana 1209, CarrisMetropolitana 1612, CarrisMetropolitana 1613, CarrisMetropolitana 1622, CarrisMetropolitana 2605, CarrisMetropolitana 1212, CarrisMetropolitana 1229, CarrisMetropolitana 1718, CarrisMetropolitana 1721, CarrisMetropolitana 1223, CarrisMetropolitana 1234, CarrisMetropolitana 1512, CP Linha de Sintra"
"111123",12.0033342595165,"CarrisMetropolitana 2621, CarrisMetropolitana 2626, CarrisMetropolitana 1240, CarrisMetropolitana 1255, CarrisMetropolitana 1508, CarrisMetropolitana 1512, CarrisMetropolitana 1603, CarrisMetropolitana 1635"
"111124",35.9145042609293,"CarrisMetropolitana 1215, CarrisMetropolitana 1216, CarrisMetropolitana 1220, CarrisMetropolitana 1222, CarrisMetropolitana 1236, CarrisMetropolitana 1520, CarrisMetropolitana 1521, CarrisMetropolitana 1523, CarrisMetropolitana 1731, CarrisMetropolitana 1209, CarrisMetropolitana 1612, CarrisMetropolitana 1613, CarrisMetropolitana 1615, CarrisMetropolitana 1622, CarrisMetropolitana 1529, CarrisMetropolitana 1617, CarrisMetropolitana 1223, CP Linha de Sintra"
"111125",40.9372070346975,"CarrisMetropolitana 1216, CarrisMetropolitana 1236, CarrisMetropolitana 1715, CarrisMetropolitana 1224, CarrisMetropolitana 1226, CarrisMetropolitana 1229, CarrisMetropolitana 1230, CarrisMetropolitana 1518, CarrisMetropolitana 1525, CarrisMetropolitana 1527, CarrisMetropolitana 1601, CarrisMetropolitana 1716, CarrisMetropolitana 1717, CarrisMetropolitana 1721, CarrisMetropolitana 1515, CarrisMetropolitana 1512, CP Linha de Sintra"
"111126",60.1810802356607,"CarrisMetropolitana 1211, CarrisMetropolitana 1236, CarrisMetropolitana 1715, CarrisMetropolitana 1009, CarrisMetropolitana 2605, CarrisMetropolitana 1014, CarrisMetropolitana 1212, CarrisMetropolitana 1224, CarrisMetropolitana 1226, CarrisMetropolitana 1229, CarrisMetropolitana 1230, CarrisMetropolitana 1518, CarrisMetropolitana 1527, CarrisMetropolitana 1601, CarrisMetropolitana 1509, CarrisMetropolitana 1716, CarrisMetropolitana 1717, CarrisMetropolitana 1718, CarrisMetropolitana 1721, CarrisMetropolitana 1510, CarrisMetropolitana 1514, CarrisMetropolitana 1234, CarrisMetropolitana 1515, CarrisMetropolitana 1508, CarrisMetropolitana 1512, CarrisMetropolitana 1603, CP Linha de Sintra"
"111127",16.0545877763286,"CarrisMetropolitana 2626, CarrisMetropolitana 1245, CarrisMetropolitana 1247, CarrisMetropolitana 1248, CarrisMetropolitana 1249, CarrisMetropolitana 1254, CarrisMetropolitana 1633, CarrisMetropolitana 1240, CarrisMetropolitana 1255"
"111128",67.6852578438024,"CarrisMetropolitana 1204, CarrisMetropolitana 1236, CarrisMetropolitana 1209, CarrisMetropolitana 1613, CarrisMetropolitana 1614, CarrisMetropolitana 1615, CarrisMetropolitana 1622, CarrisMetropolitana 2626, CarrisMetropolitana 1223, CarrisMetropolitana 1234, CarrisMetropolitana 1245, CarrisMetropolitana 1247, CarrisMetropolitana 1248, CarrisMetropolitana 1249, CarrisMetropolitana 1250, CarrisMetropolitana 1251, CarrisMetropolitana 1252, CarrisMetropolitana 1253, CarrisMetropolitana 1254, CarrisMetropolitana 1623, CarrisMetropolitana 1624, CarrisMetropolitana 1625, CarrisMetropolitana 1628, CarrisMetropolitana 1629, CarrisMetropolitana 1630, CarrisMetropolitana 1631, CarrisMetropolitana 1633, CarrisMetropolitana 1240, CarrisMetropolitana 1255, CP Linha de Sintra, MobiCascais 20, MobiCascais 17"
"111408",8.02017007340839,"CarrisMetropolitana 2317, CarrisMetropolitana 2532, CarrisMetropolitana 2533, CarrisMetropolitana 2538, CarrisMetropolitana 2796"
"111409",12.0033342595165,"CarrisMetropolitana 2306, CarrisMetropolitana 2309, CarrisMetropolitana 2310, CarrisMetropolitana 2328, CarrisMetropolitana 2331, CarrisMetropolitana 2333, CarrisMetropolitana 2927, CP Linha da Azambuja"
"111412",8.00222283967769,"CarrisMetropolitana 2306, CarrisMetropolitana 2309, CarrisMetropolitana 2328, CarrisMetropolitana 2927, CP Linha da Azambuja"
"111413",13.0025006946374,"CarrisMetropolitana 2303, CarrisMetropolitana 2306, CarrisMetropolitana 2328, CarrisMetropolitana 2532, CarrisMetropolitana 2533, CarrisMetropolitana 2790, CP Linha da Azambuja"
"111414",5.00138927479856,"CarrisMetropolitana 2310, CarrisMetropolitana 2927, CP Linha da Azambuja"
"111415",16.0223929130861,"CarrisMetropolitana 2317, CarrisMetropolitana 2328, CarrisMetropolitana 2335, CarrisMetropolitana 2532, CarrisMetropolitana 2538, CarrisMetropolitana 2790, CarrisMetropolitana 2794, CP Linha da Azambuja"
"111512",42.9536650020459,"Carris 714, Carris 750, Carris 748, Carris 754, CarrisMetropolitana 1001, CarrisMetropolitana 1713, CarrisMetropolitana 1714, CarrisMetropolitana 1715, CarrisMetropolitana 1504, CarrisMetropolitana 1002, CarrisMetropolitana 1726, CarrisMetropolitana 1501, CarrisMetropolitana 1728, CarrisMetropolitana 1502, CarrisMetropolitana 1506, CarrisMetropolitana 1507, CarrisMetropolitana 1716, CarrisMetropolitana 1718, CarrisMetropolitana 1514, CarrisMetropolitana 1704"
"111513",62.2883139472462,"Carris 711, Carris 750, Carris 746, Carris 767, Carris 764, Carris 754, Carris 72B, CarrisMetropolitana 1001, CarrisMetropolitana 1713, CarrisMetropolitana 1714, CarrisMetropolitana 1715, CarrisMetropolitana 1014, CarrisMetropolitana 1002, CarrisMetropolitana 1501, CarrisMetropolitana 1502, CarrisMetropolitana 1506, CarrisMetropolitana 1507, CarrisMetropolitana 1716, CarrisMetropolitana 1718, CarrisMetropolitana 1510, CarrisMetropolitana 1514, CarrisMetropolitana 1704, CP Linha de Sintra"
"111514",58.3416714157613,"Carris 726, Carris 724, CarrisMetropolitana 1005, CarrisMetropolitana 1719, CarrisMetropolitana 1011, CarrisMetropolitana 2610, CarrisMetropolitana 2611, CarrisMetropolitana 2701, CarrisMetropolitana 1514, CarrisMetropolitana 1703, CarrisMetropolitana 1706, CarrisMetropolitana 1707, CarrisMetropolitana 1709, CarrisMetropolitana 1710, CarrisMetropolitana 1711, MetroLisboa Az"
"111515",81.9430248556634,"Carris 711, Carris 746, Carris 767, Carris 758, CarrisMetropolitana 1005, CarrisMetropolitana 1713, CarrisMetropolitana 1011, CarrisMetropolitana 1002, CarrisMetropolitana 1507, CarrisMetropolitana 1518, CarrisMetropolitana 1601, CarrisMetropolitana 1003, CarrisMetropolitana 1717, CarrisMetropolitana 1721, CarrisMetropolitana 1510, CarrisMetropolitana 1514, CarrisMetropolitana 1515, CarrisMetropolitana 1517, CarrisMetropolitana 1508, CarrisMetropolitana 1703, CarrisMetropolitana 1706, CarrisMetropolitana 1707, CP Linha de Sintra, MetroLisboa Az"
"111516",59.1551924635194,"CarrisMetropolitana 1005, CarrisMetropolitana 1719, CarrisMetropolitana 1009, CarrisMetropolitana 2605, CarrisMetropolitana 1014, CarrisMetropolitana 1518, CarrisMetropolitana 1601, CarrisMetropolitana 1003, CarrisMetropolitana 1509, CarrisMetropolitana 1717, CarrisMetropolitana 1721, CarrisMetropolitana 1514, CarrisMetropolitana 1515, CarrisMetropolitana 1517, CarrisMetropolitana 1508, CarrisMetropolitana 1603, CarrisMetropolitana 1703, CarrisMetropolitana 1706, CarrisMetropolitana 1707, CarrisMetropolitana 1709, CarrisMetropolitana 1710, CarrisMetropolitana 1711, CP Linha de Sintra"
"111517",57.9840026088673,"CarrisMetropolitana 1714, CarrisMetropolitana 1715, CarrisMetropolitana 1009, CarrisMetropolitana 1105, CarrisMetropolitana 1014, CarrisMetropolitana 1002, CarrisMetropolitana 1501, CarrisMetropolitana 1502, CarrisMetropolitana 1506, CarrisMetropolitana 1230, CarrisMetropolitana 1507, CarrisMetropolitana 1518, CarrisMetropolitana 1527, CarrisMetropolitana 1601, CarrisMetropolitana 1509, CarrisMetropolitana 1716, CarrisMetropolitana 1717, CarrisMetropolitana 1718, CarrisMetropolitana 1721, CarrisMetropolitana 1510, CarrisMetropolitana 1514, CarrisMetropolitana 1515, CarrisMetropolitana 1508, CarrisMetropolitana 1512, CarrisMetropolitana 1603, CarrisMetropolitana 1704, CP Linha de Sintra"
"111603",83.550365081148,"Carris 736, CarrisMetropolitana 2203, CarrisMetropolitana 2205, CarrisMetropolitana 2207, CarrisMetropolitana 2212, CarrisMetropolitana 2213, CarrisMetropolitana 2221, CarrisMetropolitana 2224, CarrisMetropolitana 2516, CarrisMetropolitana 2517, CarrisMetropolitana 2518, CarrisMetropolitana 2523, CarrisMetropolitana 2610, CarrisMetropolitana 2611, CarrisMetropolitana 2750, CarrisMetropolitana 2751, CarrisMetropolitana 2753, CarrisMetropolitana 2754, CarrisMetropolitana 2761, CarrisMetropolitana 2764, CarrisMetropolitana 2769, CarrisMetropolitana 2772, CarrisMetropolitana 2774, CarrisMetropolitana 2776, CarrisMetropolitana 2780, CarrisMetropolitana 2812, CarrisMetropolitana 2821, CarrisMetropolitana 2822, CarrisMetropolitana 2823, MetroLisboa Am"
"111608",82.5415818564817,"Carris 729, Carris 768, Carris 726, Carris 747, Carris 724, Carris 55B, CarrisMetropolitana 1719, CarrisMetropolitana 2203, CarrisMetropolitana 2205, CarrisMetropolitana 2212, CarrisMetropolitana 2213, CarrisMetropolitana 2224, CarrisMetropolitana 2610, CarrisMetropolitana 2611, CarrisMetropolitana 2701, CarrisMetropolitana 2780, CarrisMetropolitana 2821, CarrisMetropolitana 2822, CarrisMetropolitana 2823, CarrisMetropolitana 2833, CarrisMetropolitana 1703, CarrisMetropolitana 1706, CarrisMetropolitana 1709, CarrisMetropolitana 1710, CarrisMetropolitana 1711, MetroLisboa Az"
"111609",71.5147409905656,"Carris 736, CarrisMetropolitana 2221, CarrisMetropolitana 2516, CarrisMetropolitana 2518, CarrisMetropolitana 2706, CarrisMetropolitana 2740, CarrisMetropolitana 2741, CarrisMetropolitana 2750, CarrisMetropolitana 2751, CarrisMetropolitana 2753, CarrisMetropolitana 2754, CarrisMetropolitana 2761, CarrisMetropolitana 2764, CarrisMetropolitana 2769, CarrisMetropolitana 2772, CarrisMetropolitana 2774, CarrisMetropolitana 2776, CarrisMetropolitana 2780, CarrisMetropolitana 2782, CarrisMetropolitana 2796, CarrisMetropolitana 2801, CarrisMetropolitana 2812, MetroLisboa Am"
"111610",39.0700657412164,"CarrisMetropolitana 2205, CarrisMetropolitana 2207, CarrisMetropolitana 2213, CarrisMetropolitana 2513, CarrisMetropolitana 2517, CarrisMetropolitana 2523, CarrisMetropolitana 2605, CarrisMetropolitana 2611, CarrisMetropolitana 2761, CarrisMetropolitana 2812, CarrisMetropolitana 2823, CarrisMetropolitana 2833, CarrisMetropolitana 1603, CarrisMetropolitana 1635, CarrisMetropolitana 1709, CarrisMetropolitana 1710, CarrisMetropolitana 1711"
"150201",27.2013595023778,"CarrisMetropolitana 4501, CarrisMetropolitana 4504, CarrisMetropolitana 4512, CarrisMetropolitana 4514, CarrisMetropolitana 4516, CarrisMetropolitana 4600, CarrisMetropolitana 4701, CarrisMetropolitana 4702, CarrisMetropolitana 4704, CarrisMetropolitana 4705, CarrisMetropolitana 4710, CarrisMetropolitana 4720"
"150202",20.657875201183,"CarrisMetropolitana 4501, CarrisMetropolitana 4600, CarrisMetropolitana 4701, CarrisMetropolitana 4702, CarrisMetropolitana 4704, CarrisMetropolitana 4705, CarrisMetropolitana 4710, CarrisMetropolitana 4720"
"150203",23.200248082539,"CarrisMetropolitana 4501, CarrisMetropolitana 4512, CarrisMetropolitana 4600, CarrisMetropolitana 4701, CarrisMetropolitana 4702, CarrisMetropolitana 4704, CarrisMetropolitana 4705, CarrisMetropolitana 4710, CarrisMetropolitana 4720"
"150303",27.9156042882557,"CarrisMetropolitana 3011, CarrisMetropolitana 3012, CarrisMetropolitana 3015, CarrisMetropolitana 3021, CarrisMetropolitana 3022, CarrisMetropolitana 3023, CarrisMetropolitana 3024, CarrisMetropolitana 3025, CarrisMetropolitana 3030, CarrisMetropolitana 3521, CarrisMetropolitana 3710"
"150312",100.973314593485,"Carris 753, CarrisMetropolitana 3001, CarrisMetropolitana 3003, CarrisMetropolitana 3007, CarrisMetropolitana 3009, CarrisMetropolitana 3011, CarrisMetropolitana 3012, CarrisMetropolitana 3013, CarrisMetropolitana 3014, CarrisMetropolitana 3017, CarrisMetropolitana 3022, CarrisMetropolitana 3024, CarrisMetropolitana 3025, CarrisMetropolitana 3026, CarrisMetropolitana 3027, CarrisMetropolitana 3040, CarrisMetropolitana 3041, CarrisMetropolitana 3504, CarrisMetropolitana 3505, CarrisMetropolitana 3506, CarrisMetropolitana 3507, CarrisMetropolitana 3508, CarrisMetropolitana 3509, CarrisMetropolitana 3512, CarrisMetropolitana 3513, CarrisMetropolitana 3514, CarrisMetropolitana 3524, CarrisMetropolitana 3525, CarrisMetropolitana 3535, CarrisMetropolitana 3536, CarrisMetropolitana 3703, CarrisMetropolitana 3705, CarrisMetropolitana 3710, CarrisMetropolitana 3715, CarrisMetropolitana 3716, CarrisMetropolitana 3717, CarrisMetropolitana 3721, CarrisMetropolitana 4725, CarrisMetropolitana 4730, Fertagus, TTSL"
"150313",61.0536229772881,"CarrisMetropolitana 3007, CarrisMetropolitana 3008, CarrisMetropolitana 3009, CarrisMetropolitana 3011, CarrisMetropolitana 3012, CarrisMetropolitana 3014, CarrisMetropolitana 3015, CarrisMetropolitana 3017, CarrisMetropolitana 3019, CarrisMetropolitana 3021, CarrisMetropolitana 3022, CarrisMetropolitana 3023, CarrisMetropolitana 3024, CarrisMetropolitana 3025, CarrisMetropolitana 3027, CarrisMetropolitana 3030, CarrisMetropolitana 3033, CarrisMetropolitana 3034, CarrisMetropolitana 3041, CarrisMetropolitana 3504, CarrisMetropolitana 3507, CarrisMetropolitana 3515, CarrisMetropolitana 3524, CarrisMetropolitana 3705, CarrisMetropolitana 3710, CarrisMetropolitana 3716, Fertagus, TTSL"
"150314",65.8415665150898,"CarrisMetropolitana 3004, CarrisMetropolitana 3006, CarrisMetropolitana 3008, CarrisMetropolitana 3011, CarrisMetropolitana 3012, CarrisMetropolitana 3015, CarrisMetropolitana 3017, CarrisMetropolitana 3019, CarrisMetropolitana 3022, CarrisMetropolitana 3023, CarrisMetropolitana 3024, CarrisMetropolitana 3025, CarrisMetropolitana 3027, CarrisMetropolitana 3030, CarrisMetropolitana 3034, CarrisMetropolitana 3040, CarrisMetropolitana 3041, CarrisMetropolitana 3118, CarrisMetropolitana 3502, CarrisMetropolitana 3503, CarrisMetropolitana 3504, CarrisMetropolitana 3507, CarrisMetropolitana 3515, CarrisMetropolitana 3516, CarrisMetropolitana 3521, CarrisMetropolitana 3524, CarrisMetropolitana 3526, CarrisMetropolitana 3705, CarrisMetropolitana 3710, CarrisMetropolitana 3716, Fertagus"
"150315",77.5304729473184,"Carris 753, CarrisMetropolitana 3003, CarrisMetropolitana 3004, CarrisMetropolitana 3011, CarrisMetropolitana 3013, CarrisMetropolitana 3017, CarrisMetropolitana 3023, CarrisMetropolitana 3024, CarrisMetropolitana 3040, CarrisMetropolitana 3041, CarrisMetropolitana 3502, CarrisMetropolitana 3503, CarrisMetropolitana 3504, CarrisMetropolitana 3505, CarrisMetropolitana 3506, CarrisMetropolitana 3508, CarrisMetropolitana 3509, CarrisMetropolitana 3512, CarrisMetropolitana 3513, CarrisMetropolitana 3514, CarrisMetropolitana 3515, CarrisMetropolitana 3516, CarrisMetropolitana 3517, CarrisMetropolitana 3525, CarrisMetropolitana 3526, CarrisMetropolitana 3535, CarrisMetropolitana 3536, CarrisMetropolitana 3703, CarrisMetropolitana 3705, CarrisMetropolitana 3710, CarrisMetropolitana 3715, CarrisMetropolitana 3716, CarrisMetropolitana 3717, CarrisMetropolitana 3721, CarrisMetropolitana 4725, CarrisMetropolitana 4730, Fertagus"
"150407",13.2891165224708,"CarrisMetropolitana 4612, CarrisMetropolitana 4621, TCB 3, TCB 16, TCB 318"
"150409",31.5073550609301,"CarrisMetropolitana 4600, CarrisMetropolitana 4602, CP Linha do Sado, TCB 3, TCB 1, TCB 7, TCB 2, TCB 6, TCB 16, TCB 149, TCB 150, TCB 318, TTSL"
"150410",29.5067993510107,"CarrisMetropolitana 4600, CarrisMetropolitana 4602, CP Linha do Sado, TCB 3, TCB 1, TCB 7, TCB 2, TCB 6, TCB 149, TCB 150, TCB 318, TTSL"
"150411",24.4078113269376,"CarrisMetropolitana 3541, CarrisMetropolitana 3620, CarrisMetropolitana 3626, CarrisMetropolitana 3635, CarrisMetropolitana 4612, CarrisMetropolitana 4621, CarrisMetropolitana 4632, CarrisMetropolitana 4725, CarrisMetropolitana 4730, Fertagus, TCB 6, TCB 16"
"150601",16.172057887028,"CarrisMetropolitana 4600, CarrisMetropolitana 4602, CarrisMetropolitana 4621, CarrisMetropolitana 4701, CP Linha do Sado, TCB 1, TCB 2, TCB 318"
"150603",11.1229115326914,"CarrisMetropolitana 4600, CarrisMetropolitana 4621, CarrisMetropolitana 4701, CP Linha do Sado"
"150607",24.8810171702549,"CarrisMetropolitana 4600, CarrisMetropolitana 4602, CarrisMetropolitana 4701, CP Linha do Sado, TCB 3, TCB 1, TCB 2, TCB 149, TCB 150, TCB 318"
"150701",1.00027785495971,CarrisMetropolitana 4514
"150704",7.12180011285252,"CarrisMetropolitana 4600, CarrisMetropolitana 4701"
"150709",15.6658401239667,"CarrisMetropolitana 4504, CarrisMetropolitana 4512, CarrisMetropolitana 4514, CarrisMetropolitana 4516, CarrisMetropolitana 4600, CarrisMetropolitana 4701, CarrisMetropolitana 4704"
"150710",31.2024709222167,"CarrisMetropolitana 4203, CarrisMetropolitana 4501, CarrisMetropolitana 4504, CarrisMetropolitana 4512, CarrisMetropolitana 4514, CarrisMetropolitana 4516, CarrisMetropolitana 4600, CarrisMetropolitana 4701, CarrisMetropolitana 4702, CarrisMetropolitana 4704, CarrisMetropolitana 4705, CarrisMetropolitana 4710, CarrisMetropolitana 4720, TTSL"
"150711",2.01953040309108,"CarrisMetropolitana 4514, CarrisMetropolitana 4521"
"150802",27.271447625223,"CarrisMetropolitana 4512, CarrisMetropolitana 4521, CarrisMetropolitana 4542, CarrisMetropolitana 4551, CarrisMetropolitana 4562, CarrisMetropolitana 4612, CarrisMetropolitana 4710, CarrisMetropolitana 4720, CarrisMetropolitana 4725, CarrisMetropolitana 4901, CP Linha do Sado, Fertagus"
"150803",17.4863561387655,"CarrisMetropolitana 4512, CarrisMetropolitana 4516, CarrisMetropolitana 4521, CarrisMetropolitana 4710, CarrisMetropolitana 4720, CP Linha do Sado, Fertagus"
"150804",12.3830137536156,"CarrisMetropolitana 4562, CarrisMetropolitana 4612, CarrisMetropolitana 4632, CarrisMetropolitana 4725, Fertagus"
"150806",3.01980825805079,"CarrisMetropolitana 4514, CarrisMetropolitana 4521, CarrisMetropolitana 4901"
"151002",43.1783058070607,"CarrisMetropolitana 3101, CarrisMetropolitana 3103, CarrisMetropolitana 3108, CarrisMetropolitana 3114, CarrisMetropolitana 3118, CarrisMetropolitana 3119, CarrisMetropolitana 3502, CarrisMetropolitana 3505, CarrisMetropolitana 3508, CarrisMetropolitana 3509, CarrisMetropolitana 3512, CarrisMetropolitana 3521, CarrisMetropolitana 3535, CarrisMetropolitana 3536, CarrisMetropolitana 3721, CarrisMetropolitana 4725, CarrisMetropolitana 4730, Fertagus"
"151005",65.2393944926024,"CarrisMetropolitana 3103, CarrisMetropolitana 3104, CarrisMetropolitana 3118, CarrisMetropolitana 3502, CarrisMetropolitana 3503, CarrisMetropolitana 3504, CarrisMetropolitana 3505, CarrisMetropolitana 3506, CarrisMetropolitana 3507, CarrisMetropolitana 3508, CarrisMetropolitana 3509, CarrisMetropolitana 3512, CarrisMetropolitana 3513, CarrisMetropolitana 3514, CarrisMetropolitana 3515, CarrisMetropolitana 3516, CarrisMetropolitana 3517, CarrisMetropolitana 3521, CarrisMetropolitana 3524, CarrisMetropolitana 3525, CarrisMetropolitana 3526, CarrisMetropolitana 3535, CarrisMetropolitana 3536, CarrisMetropolitana 3715, CarrisMetropolitana 3716, CarrisMetropolitana 3717, CarrisMetropolitana 3721, CarrisMetropolitana 4725, CarrisMetropolitana 4730, Fertagus"
"151006",13.5406279379007,"CarrisMetropolitana 3105, CarrisMetropolitana 3120, CarrisMetropolitana 3535, CarrisMetropolitana 3536, CarrisMetropolitana 3541, CarrisMetropolitana 3549, CarrisMetropolitana 3721, CarrisMetropolitana 4725"
"151007",64.8117998626516,"CarrisMetropolitana 3103, CarrisMetropolitana 3105, CarrisMetropolitana 3111, CarrisMetropolitana 3112, CarrisMetropolitana 3113, CarrisMetropolitana 3114, CarrisMetropolitana 3118, CarrisMetropolitana 3119, CarrisMetropolitana 3120, CarrisMetropolitana 3502, CarrisMetropolitana 3505, CarrisMetropolitana 3508, CarrisMetropolitana 3509, CarrisMetropolitana 3535, CarrisMetropolitana 3536, CarrisMetropolitana 3541, CarrisMetropolitana 3620, CarrisMetropolitana 3626, CarrisMetropolitana 3635, CarrisMetropolitana 3721, CarrisMetropolitana 4621, CarrisMetropolitana 4632, CarrisMetropolitana 4725, CarrisMetropolitana 4730, Fertagus, TCB 6, TCB 16, TTSL"
"151101",11.1763783181353,"CarrisMetropolitana 3201, CarrisMetropolitana 3205, CarrisMetropolitana 3536, CarrisMetropolitana 3549, CarrisMetropolitana 3635, CarrisMetropolitana 3642, CarrisMetropolitana 3721"
"151102",11.1763783181353,"CarrisMetropolitana 3201, CarrisMetropolitana 3205, CarrisMetropolitana 3536, CarrisMetropolitana 3549, CarrisMetropolitana 3635, CarrisMetropolitana 3642, CarrisMetropolitana 3721"
"151103",21.1240808794324,"CarrisMetropolitana 3535, CarrisMetropolitana 3536, CarrisMetropolitana 3541, CarrisMetropolitana 3549, CarrisMetropolitana 3620, CarrisMetropolitana 3626, CarrisMetropolitana 3635, CarrisMetropolitana 3721, CarrisMetropolitana 4632, CarrisMetropolitana 4725, CarrisMetropolitana 4730, TCB 16"
"151205",38.1897372884924,"CarrisMetropolitana 3642, CarrisMetropolitana 4401, CarrisMetropolitana 4404, CarrisMetropolitana 4405, CarrisMetropolitana 4409, CarrisMetropolitana 4412, CarrisMetropolitana 4422, CarrisMetropolitana 4426, CarrisMetropolitana 4427, CarrisMetropolitana 4436, CarrisMetropolitana 4440, CarrisMetropolitana 4441, CarrisMetropolitana 4482, CarrisMetropolitana 4542, CarrisMetropolitana 4562, CarrisMetropolitana 4720, CarrisMetropolitana 4725, CarrisMetropolitana 4901, CP Linha do Sado, Fertagus"
"151207",3.00083356487913,"CarrisMetropolitana 4542, CarrisMetropolitana 4901"
"151208",3.00083356487913,"CarrisMetropolitana 4401, CarrisMetropolitana 4412"
"151209",21.385514448253,"CarrisMetropolitana 3626, CarrisMetropolitana 3635, CarrisMetropolitana 3642, CarrisMetropolitana 4464, CarrisMetropolitana 4562, CarrisMetropolitana 4632, CarrisMetropolitana 4725, CarrisMetropolitana 4730, Fertagus, TCB 16"
"151210",45.7334994446469,"CarrisMetropolitana 3642, CarrisMetropolitana 4403, CarrisMetropolitana 4404, CarrisMetropolitana 4405, CarrisMetropolitana 4409, CarrisMetropolitana 4412, CarrisMetropolitana 4414, CarrisMetropolitana 4422, CarrisMetropolitana 4426, CarrisMetropolitana 4427, CarrisMetropolitana 4436, CarrisMetropolitana 4440, CarrisMetropolitana 4441, CarrisMetropolitana 4482, CarrisMetropolitana 4512, CarrisMetropolitana 4542, CarrisMetropolitana 4551, CarrisMetropolitana 4562, CarrisMetropolitana 4720, CarrisMetropolitana 4725, CarrisMetropolitana 4730, CarrisMetropolitana 4901, CP Linha do Sado, Fertagus"
